{"cameraMode":{"drawMode":0,"name":"Shaded","section":"Shading Mode"},"sceneLighting":true,"audioPlay":false,"sceneViewState":{"showFog":true,"showMaterialUpdate":true,"showSkybox":true,"showFlares":true,"showImageEffects":true,"showParticleSystems":true},"in2DMode":false,"pivot":{"x":-1.5207605361938477,"y":1.9028677940368653,"z":1.5914535522460938},"rotation":{"x":0.043392591178417209,"y":0.9545605778694153,"z":-0.23846828937530518,"w":0.17369647324085236},"size":4.352106094360352,"orthographic":false}