{"cameraMode":{"drawMode":0,"name":"Shaded","section":"Shading Mode"},"sceneLighting":false,"audioPlay":false,"sceneViewState":{"showFog":true,"showMaterialUpdate":false,"showSkybox":false,"showFlares":true,"showImageEffects":true,"showParticleSystems":true},"in2DMode":false,"pivot":{"x":-0.5782991051673889,"y":0.7616438865661621,"z":0.8828641176223755},"rotation":{"x":-0.17227713763713838,"y":-0.17017795145511628,"z":0.03024209663271904,"w":-0.9698066711425781},"size":0.8044272661209106,"orthographic":false}